batch_id,cell_id,policy_readable,delta_q_log10var,evaluation_stage,cv_validation_fold,y_true_cycle_life,y_pred_cycle_life,target_available,evaluated,signed_error_cycles,absolute_error_cycles,absolute_percentage_error_percent
batch2,6,3.6C(9%)-5C,-3.53003968650195,batch2_final_test,,393.0,682.7266807882845,True,True,289.7266807882845,289.7266807882845,73.72180172729885
batch2,15,3.6C(9%)-5C,-3.516251926776714,batch2_final_test,,396.0,677.0491478514514,True,True,281.0491478514514,281.0491478514514,70.9720070331948
batch2,18,5.2C(50%)-4.25C,-3.707302736176298,batch2_final_test,,449.0,755.7201781414155,True,True,306.72017814141554,306.72017814141554,68.31184368405691
batch2,2,5.2C(50%)-4.25C,-3.4602483651128177,batch2_final_test,,424.0,653.987963709638,True,True,229.98796370963805,229.98796370963805,54.24244427114105
batch2,19,6C(60%)-3C,-3.291958004542694,batch2_final_test,,392.0,584.6892462871406,True,True,192.68924628714055,192.68924628714055,49.15541997120933
batch2,29,5.2C(58%)-4C,-3.5082481790944344,batch2_final_test,,452.0,673.7533592686932,True,True,221.7533592686932,221.7533592686932,49.060477714312654
batch2,11,5.2C(50%)-4.25C,-3.485393220979881,batch2_final_test,,449.0,664.3421293044937,True,True,215.3421293044937,215.3421293044937,47.96038514576698
batch2,21,6C(60%)-3C,-3.326679075199306,batch2_final_test,,408.0,598.9867120236675,True,True,190.98671202366745,190.98671202366745,46.81046863325183
batch2,28,4.8C(80%)-4.8C,-3.4234111691232063,batch2_final_test,,437.0,638.8191184657802,True,True,201.8191184657802,201.8191184657802,46.1828646374783
batch2,31,5.6C(26%)-4.5C,-3.35235883148731,batch2_final_test,,425.0,609.5611392722174,True,True,184.56113927221736,184.56113927221736,43.42615041699232
batch2,17,5.6C(26%)-4.5C,-3.500344128474038,batch2_final_test,,471.0,670.4986240088699,True,True,199.4986240088699,199.4986240088699,42.35639575559871
batch2,24,4.8C(80%)-4.8C,-3.6408852680750527,batch2_final_test,,514.0,728.3707486299844,True,True,214.3707486299844,214.3707486299844,41.70637132879074
batch2,16,4.8C(80%)-4.8C,-3.494880991874622,batch2_final_test,,472.0,668.2490099599079,True,True,196.24900995990788,196.24900995990788,41.57818007625167
batch2,27,5.2C(50%)-4.25C,-3.48620363289781,batch2_final_test,,474.0,664.675841266998,True,True,190.67584126699796,190.67584126699796,40.22697073143417
batch2,42,5.2C(50%)-4.25C,-3.482587648007536,batch2_final_test,,474.0,663.1868485863347,True,True,189.1868485863347,189.1868485863347,39.912837254500985
batch2,0,5.2C(58%)-4C,-3.4872647963011447,batch2_final_test,,477.0,665.1128078441546,True,True,188.11280784415464,188.11280784415464,39.43664734678294
batch2,25,5.2C(58%)-4C,-3.5344779300217333,batch2_final_test,,493.0,684.5542636782834,True,True,191.5542636782834,191.5542636782834,38.85482021871874
batch2,3,4.65C(44%)-5C,-3.496242996974693,batch2_final_test,,499.0,668.8098573324969,True,True,169.8098573324969,169.8098573324969,34.0300315295585
batch2,46,4.8C(80%)-4.8C,-3.5088751328187,batch2_final_test,,503.0,674.0115266933018,True,True,171.0115266933018,171.0115266933018,33.99831544598445
batch2,20,5.2C(58%)-4C,-3.441305431410401,batch2_final_test,,489.0,646.1876297787479,True,True,157.18762977874792,157.18762977874792,32.14470956620612
batch2,10,4.8C(80%)-4.8C,-3.4509001132975605,batch2_final_test,,492.0,650.1385343142455,True,True,158.13853431424548,158.13853431424548,32.141978519155586
batch2,13,4.65C(69%)-6C,-3.3444477218838284,batch2_final_test,,460.0,606.30349725961,True,True,146.30349725961003,146.30349725961003,31.805108099915223
batch2,30,5.6C(26%)-4.5C,-3.1854095592748743,batch2_final_test,,412.0,540.8146561121172,True,True,128.81465611211718,128.81465611211718,31.2656932310964
batch2,9,5.6C(26%)-4.5C-newstructure,-4.344425682662564,batch2_final_test,,791.0,1018.0750918890956,True,True,227.07509188909555,227.07509188909555,28.70734410734457
batch2,4,4.65C(69%)-6C,-3.232506812226559,batch2_final_test,,444.0,560.2083944855917,True,True,116.20839448559173,116.20839448559173,26.173061821079216
batch2,7,4.8C(80%)-4.8C-newstructure,-4.231670089905405,batch2_final_test,,777.0,971.644518362404,True,True,194.64451836240403,194.64451836240403,25.05077456401596
batch2,26,5.6C(26%)-4.5C,-3.2220536077932804,batch2_final_test,,450.0,555.903966960882,True,True,105.90396696088204,105.90396696088204,23.534214880196007
batch2,44,5.2C(58%)-4C-newstructure,-4.36452348032534,batch2_final_test,,841.0,1026.350976475289,True,True,185.35097647528892,185.35097647528892,22.039355110022463
batch2,41,5.6C(26%)-4.5C,-3.1723658101769976,batch2_final_test,,442.0,535.4434923698714,True,True,93.44349236987136,93.44349236987136,21.141061622142843
batch2,14,3.6C(30%)-6C,-3.118519966248836,batch2_final_test,,426.0,513.2708146828523,True,True,87.27081468285235,87.27081468285235,20.48610673306393
batch2,5,3.6C(30%)-6C,-3.085881724279185,batch2_final_test,,416.0,499.8310175384432,True,True,83.83101753844323,83.83101753844323,20.151686908279625
batch2,1,5.6C(26%)-4.5C,-3.2980513654760366,batch2_final_test,,491.0,587.1983745345486,True,True,96.19837453454863,96.19837453454863,19.592336972413165
batch2,32,4.8C(80%)-4.8C-newstructure,-4.131466155166347,batch2_final_test,,809.0,930.3824749834494,True,True,121.38247498344936,121.38247498344936,15.00401421303453
batch2,33,5.2C(58%)-4C-newstructure,-4.23162831933775,batch2_final_test,,1140.0,971.6273180500704,True,True,-168.37268194992953,168.37268194992953,14.769533504379783
batch2,12,4.65C(44%)-5C,-3.1679683681509765,batch2_final_test,,466.0,533.6327107463092,True,True,67.63271074630916,67.63271074630916,14.513457241697244
batch2,34,5.6C(26%)-4.5C-newstructure,-4.448585173324752,batch2_final_test,,1186.0,1060.9659567361205,True,True,-125.03404326387954,125.03404326387954,10.542499432030317
batch2,45,5.6C(26%)-4.5C-newstructure,-4.175214949171005,batch2_final_test,,997.0,948.3973826884012,True,True,-48.60261731159869,48.60261731159869,4.874886390330862
batch2,43,4.8C(80%)-4.8C-newstructure,-4.271781928623568,batch2_final_test,,1029.0,988.1617981828874,True,True,-40.83820181711258,40.83820181711258,3.968727095929307
batch2,8,5.2C(58%)-4C-newstructure,-4.10242248030074,batch2_final_test,,904.0,918.4228510893408,True,True,14.422851089340838,14.422851089340838,1.5954481293518628
batch2,22,VarCharge-2C-100cycles,-4.641168700608011,batch2_final_test,,,1140.268130623076,False,False,,,
batch2,23,VarCharge-4C-100cycles,-4.356254277157163,batch2_final_test,,,1022.9458784547048,False,False,,,
batch2,35,VarCharge-6C-100cycles,-3.2189089608610653,batch2_final_test,,,554.6090621403632,False,False,,,
batch2,36,VarCharge-8C-100cycles,-2.6849178093471577,batch2_final_test,,,334.72182802004033,False,False,,,
batch2,37,3.6C(80%)-3.6C(SLOWCYCLE,-4.770610886629153,batch2_final_test,,,1193.5699207032735,False,False,,,
batch2,38,4.8C(80%)-4.8C(SLOWCYCLE,-4.215350254359975,batch2_final_test,,,964.9243255479548,False,False,,,
batch2,39,3.6C(9%)-5C(SLOWCYCLE,-3.3625834932774885,batch2_final_test,,,613.7714573542382,False,False,,,
batch2,40,5.2C(58%)-4C(SLOWCYCLE,-3.5995672762895525,batch2_final_test,,,711.3567982913648,False,False,,,
