policy_readable,n_cells,mean_life_cycles,mape_percent,mae_cycles,signed_error_cycles
3.6C(9%)-5C,2,394.5,72.34690438024683,285.38791431986795,285.38791431986795
5.2C(50%)-4.25C,5,454.0,50.13089621738002,226.38259220177596,226.38259220177596
6C(60%)-3C,2,400.0,47.98294430223058,191.837979155404,191.837979155404
5.2C(58%)-4C,4,477.75,39.87416371150511,189.6520151424698,189.6520151424698
4.8C(80%)-4.8C,5,483.6,39.12154200153215,188.31778761264394,188.31778761264394
5.6C(26%)-4.5C,6,448.5,30.21930881307324,134.73670887641774,134.73670887641774
4.65C(69%)-6C,2,452.0,28.98908496049722,131.25594587260088,131.25594587260088
4.65C(44%)-5C,2,482.5,24.271744385627873,118.72128403940303,118.72128403940303
3.6C(30%)-6C,2,421.0,20.318896820671778,85.55091611064779,85.55091611064779
5.6C(26%)-4.5C-newstructure,3,991.3333333333334,14.708243309901917,133.57058415485793,17.81281043787244
4.8C(80%)-4.8C-newstructure,3,871.6666666666666,14.674505290993267,118.95506505432199,91.72959717624694
5.2C(58%)-4C-newstructure,3,961.6666666666666,12.80144558125137,122.71550317151976,10.467048538233408
