rank_ape,evaluation_scope,batch_id,cell_id,policy_readable,cv_validation_fold,y_true_cycle_life,y_pred_cycle_life,absolute_error_cycles,absolute_percentage_error_percent
1,batch1_development_oof,batch1,11,5.4C(50%)-3C,1,788.0,993.608636457225,205.60863645722497,26.0924665554854
2,batch1_development_oof,batch1,6,4.8C(80%)-4.8C,1,636.0,783.1939462438689,147.19394624386894,23.143702239602035
3,batch1_development_oof,batch1,24,6C(40%)-3C,5,1017.0,878.2997339894471,138.70026601055292,13.638177582158596
4,batch1_development_oof,batch1,37,7C(40%)-3C,5,648.0,731.4622999872299,83.46229998722993,12.879984565930544
5,batch1_development_oof,batch1,16,5.4C(60%)-3.6C,5,862.0,967.4655051405707,105.46550514057071,12.234977394497763
6,batch1_development_oof,batch1,9,5.4C(40%)-3.6C,2,1054.0,929.7437978587612,124.25620214123876,11.78901348588603
7,batch1_development_oof,batch1,31,6C(50%)-3.6C,3,876.0,776.1245397006767,99.87546029932332,11.40130825334741
8,batch1_development_oof,batch1,43,8C(25%)-3.6C,2,651.0,722.7132709307843,71.71327093078435,11.015863430228011
9,batch1_development_oof,batch1,41,8C(15%)-3.6C,2,1051.0,936.1567475101477,114.84325248985226,10.927045907692888
10,batch1_development_oof,batch1,26,6C(40%)-3.6C,3,870.0,785.8193718756384,84.18062812436165,9.675934267168005
11,batch1_development_oof,batch1,12,5.4C(50%)-3.6C,4,902.0,980.7063082472912,78.70630824729119,8.72575479459991
12,batch1_development_oof,batch1,25,6C(40%)-3C,5,854.0,927.7919552279477,73.79195522794771,8.640744171890832
13,batch1_development_oof,batch1,23,6C(30%)-3.6C,1,1014.0,934.5490971977102,79.45090280228976,7.835394753677492
14,batch1_development_oof,batch1,7,4.8C(80%)-4.8C,1,870.0,808.0239810982591,61.97601890174087,7.123680333533434
15,batch1_development_oof,batch1,30,6C(50%)-3.6C,3,709.0,757.8111352390528,48.81113523905276,6.884504265028599
16,batch1_development_oof,batch1,3,4C(80%)-4C,3,1226.0,1144.72806040092,81.27193959908004,6.629032593725942
17,batch1_development_oof,batch1,44,8C(35%)-3.6C,3,616.0,578.1890702143717,37.81092978562833,6.138137952212391
18,batch1_development_oof,batch1,5,4.4C(80%)-4.4C,1,1074.0,1011.4103074245966,62.58969257540343,5.82771811689045
19,batch1_development_oof,batch1,33,6C(60%)-3C,4,757.0,722.5738605177074,34.42613948229257,4.5477066687308545
20,batch1_development_oof,batch1,17,5.4C(60%)-3.6C,5,857.0,895.770512884204,38.77051288420398,4.523980499907116
21,batch1_development_oof,batch1,13,5.4C(50%)-3.6C,4,897.0,937.2173170530605,40.21731705306047,4.483535903351223
22,batch1_development_oof,batch1,40,8C(15%)-3.6C,2,966.0,927.5387199696901,38.46128003030992,3.981498967940986
23,batch1_development_oof,batch1,20,5.4C(80%)-5.4C,4,534.0,553.6418906453366,19.641890645336616,3.67825667515667
24,batch1_development_oof,batch1,36,7C(40%)-3C,5,704.0,729.000870457919,25.00087045791895,3.5512600082271235
25,batch1_development_oof,batch1,45,8C(35%)-3.6C,3,599.0,580.7349591012421,18.26504089875789,3.0492555757525692
26,batch1_development_oof,batch1,38,7C(40%)-3.6C,2,617.0,598.617535701498,18.382464298501986,2.9793297080230126
27,batch1_development_oof,batch1,27,6C(40%)-3.6C,3,842.0,818.2419004382126,23.75809956178739,2.821627026340545
28,batch1_development_oof,batch1,42,8C(25%)-3.6C,2,702.0,721.6964826103463,19.696482610346266,2.805766753610579
29,batch1_development_oof,batch1,32,6C(60%)-3C,4,731.0,710.970232360373,20.02976763962704,2.7400502926986374
30,batch1_development_oof,batch1,21,5.4C(80%)-5.4C,4,559.0,544.1200436642689,14.879956335731094,2.661888432152253
31,batch1_development_oof,batch1,4,4C(80%)-4C,3,1227.0,1258.4503374357341,31.450337435734127,2.563189685063906
32,batch1_development_oof,batch1,8,5.4C(40%)-3.6C,2,879.0,898.9808460766142,19.98084607661417,2.273133797111965
33,batch1_development_oof,batch1,10,5.4C(50%)-3C,1,906.0,924.4071097630881,18.4071097630881,2.0316898193253974
34,batch1_development_oof,batch1,39,7C(40%)-3.6C,2,625.0,636.4099676900888,11.40996769008882,1.8255948304142111
35,batch1_development_oof,batch1,22,6C(30%)-3.6C,1,891.0,885.2182067251217,5.781793274878282,0.64891058079442
