candidate_id,model_class,alpha,l1_ratio,mean_mape_percent,mape_percent_sample_sd,mean_mae_cycles,mean_rmse_cycles,selected,fold_1_mape_percent,fold_2_mape_percent,fold_3_mape_percent,fold_4_mape_percent,fold_5_mape_percent
1,LinearRegression,,,7.239794452112306,2.471759909943339,60.14084116311183,72.26013155130065,False,10.386223199901233,5.9496558601134595,6.1453737023299215,4.472865461114925,9.244854037101996
2,Ridge,0.0001,,7.239784645761738,2.471772142550476,60.140773525152134,72.26009575982131,False,10.386226978034083,5.9496778191286515,6.14533344597505,4.472831402349199,9.244853583321706
3,Ridge,0.00031622776601683794,,7.239763441945943,2.4717985933113833,60.14062727471725,72.2600183884127,False,10.386235147314075,5.949725300060535,6.14524640157771,4.472757758643978,9.244852602133422
4,Ridge,0.001,,7.239696391725606,2.4718822421708957,60.14016480476298,72.25977389589575,False,10.386260980015363,5.949875442945968,6.144971152199503,4.472524884027269,9.244849499439926
5,Ridge,0.0031622776601683794,,7.239484381635966,2.4721468051597246,60.13870249163001,72.25900251601038,False,10.386342661887124,5.9503501863966495,6.144100828978861,4.471788542092792,9.244839688824406
6,Ridge,0.01,,7.238814160035122,2.472983846756858,60.13407970370442,72.25658092377252,False,10.38660087964983,5.9518509567667754,6.141349542362671,4.469460746837451,9.24480867455888
7,Ridge,0.03162277660168379,,7.236696862625671,2.4756349815724104,60.11947567146886,72.24910016709813,False,10.387416606862924,5.956591812665595,6.132658370386395,4.462106828227232,9.244710694986209
8,Ridge,0.1,,7.230022601480959,2.4840596594394837,60.07343824493777,72.22720556824397,False,10.38998790088276,5.97153392675775,6.1052657463463795,4.4389236187817716,9.24440181463613
9,Ridge,0.31622776601683794,,7.209126672042007,2.5110893322119616,59.929285602719304,72.17532171453178,False,10.398037320781171,6.018292735816658,6.01954518035355,4.366323591512811,9.243434531745853
10,Ridge,1.0,,7.145077840048887,2.5998089335736596,59.487272103089325,72.17628257124008,False,10.422701854239456,6.161404290849268,5.757185985489222,4.143629590483379,9.240467479183108
11,Ridge,3.1622776601683795,,7.305215727147665,2.5255677418664577,60.5948141809179,73.54902363393352,False,10.493574575606106,6.818165399202565,5.578459778882654,4.403963773827932,9.231915108219066
12,Ridge,10.0,,8.793071920133418,1.702675408621916,71.20768060910812,83.99887693691667,False,10.98853134590921,9.363822665972132,7.977521753838937,6.424372551067013,9.211111283879793
13,Ridge,31.622776601683793,,11.993526713754813,1.7609699062448354,94.3233789737543,112.47513143497534,False,12.189592965537672,13.96391107453554,12.727684078592706,11.910236474596132,9.176208975512019
14,Ridge,100.0,,15.426722894285419,3.820840625222124,119.76195441435166,144.3555285045837,False,13.31715103173295,18.251673954168666,17.10397771217118,18.71867492439514,9.742136848959156
15,Ridge,316.22776601683796,,17.609734530894354,4.760070850159006,136.29134919855153,162.94046601906112,False,13.93474808443771,20.56754690896954,19.467667205452766,22.708408924262812,11.370301531348954
16,Ridge,1000.0,,18.469788032545804,5.163950572818598,142.80010141295213,170.41313417011455,False,14.177924845558845,21.473171086391034,20.391990082748517,24.290087664802808,12.015766483227813
17,Ridge,3162.2776601683795,,18.763313979561218,5.305039728888198,145.02101662198007,172.9801373332532,False,14.260898359971943,21.781374958862376,20.706557535008375,24.831165075630583,12.23657396833281
18,Ridge,10000.0,,18.858475459970407,5.351101900224458,145.7409916155485,173.8140838057373,False,14.287796253785526,21.8811995453441,20.80844323031342,25.0067216697012,12.308216600707773
19,ElasticNet,0.0001,0.1,7.2395442364528995,2.472075504445591,60.1390943601664,72.25913594314426,False,10.38631846151484,5.9501897875253205,6.144394764609203,4.471975981730108,9.244842186885027
20,ElasticNet,0.0001,0.5,7.239654555564378,2.4719362602515793,60.13986451111587,72.25957491223006,False,10.38627639578687,5.949954140101851,6.1448263030029295,4.472368519219789,9.244847419710457
21,ElasticNet,0.0001,0.9,7.2397648835013015,2.4717970311401047,60.1406347236768,72.26001459553542,False,10.386234326693678,5.94971847382678,6.145257875919386,4.472761088112154,9.244852652954503
22,ElasticNet,0.00031622776601683794,0.1,7.239003354659992,2.47275817353624,60.135318361848725,72.25699569940932,False,10.386524384966966,5.951343958357357,6.142278631706975,4.470053227552562,9.2448165707161
23,ElasticNet,0.00031622776601683794,0.5,7.23935210820519,2.4723176621453646,60.13775305217422,72.25837521899196,False,10.38639140187794,5.950599002295564,6.143642860785631,4.471294162732209,9.244833113334598
24,ElasticNet,0.00031622776601683794,0.9,7.239700949976037,2.47187730132334,60.14018835841358,72.25976187784106,False,10.38625838514762,5.949853857779098,6.1450074349790675,4.472535411836448,9.24484966013795
25,ElasticNet,0.001,0.1,7.237294320442639,2.4749193469356214,60.123387270038656,72.25034036506149,False,10.387175045112059,5.954990813308848,6.135592247388224,4.463977865571293,9.244735630832768
26,ElasticNet,0.001,0.5,7.238396115852891,2.473524510945789,60.13107903588989,72.2546166687681,False,10.386754919495763,5.952637318408237,6.139902171125962,4.467898277284521,9.244787892949972
27,ElasticNet,0.001,0.9,7.239498792611336,2.4721311725514385,60.1387769545385,72.2589642724279,False,10.386334457812586,5.950281940899969,6.1442155424579195,4.471821825013512,9.244840196872696
28,ElasticNet,0.0031622776601683794,0.1,7.231903683607229,2.481777079893962,60.08575421252292,72.23041755003436,False,10.389227357763154,5.966493725559098,6.114502049638921,4.444814954874646,9.244480330200323
29,ElasticNet,0.0031622776601683794,0.5,7.235377297768249,2.47734834373013,60.110003928952075,72.24308254381529,False,10.3879028298908,5.959073881973182,6.128089878311557,4.457174801957312,9.24464509670839
30,ElasticNet,0.0031622776601683794,0.9,7.238859696777224,2.4729343295274524,60.134314973456796,72.2564575979064,False,10.386574952257813,5.951635273436774,6.141712070907011,4.469565907369868,9.244810279914649
31,ElasticNet,0.01,0.1,7.214993839741925,2.503687660416897,59.96770338732451,72.17852366707807,False,10.395665240253196,6.002577115349017,6.048344383686266,4.384702979651877,9.243679479769266
32,ElasticNet,0.01,0.5,7.2258737015894665,2.4895129282512145,60.04365700106646,72.21010156216553,False,10.391516587506512,5.979336944928665,6.0909033842247915,4.42341603402713,9.24419555726024
33,ElasticNet,0.01,0.9,7.236840515379847,2.4754775742957733,60.12021763669645,72.24868636593858,False,10.387334778693925,5.955911038880572,6.133802516635754,4.462438483442335,9.244715759246645
34,ElasticNet,0.03162277660168379,0.1,7.162852012085763,2.5749099948791527,59.60369140523916,72.12147201697691,False,10.415516574300995,6.113840939347784,5.844345952730034,4.1993465519341715,9.241210042115833
35,ElasticNet,0.03162277660168379,0.5,7.196241696854154,2.528649886694735,59.836788733066044,72.1400514264329,False,10.402784204602886,6.042516731417204,5.97495671013011,4.318156935013747,9.242793903106824
36,ElasticNet,0.03162277660168379,0.9,7.2304734185019175,2.483553873927366,60.075764419669746,72.22566143141653,False,10.389730743977386,5.969393835841441,6.108861271450065,4.439963534586512,9.244417706654184
37,ElasticNet,0.1,0.1,7.171713761213069,2.606438403584268,59.587203002921385,72.87606415383553,False,10.47362704132444,6.476296418992039,5.401346391390593,4.273317654400553,9.233981299957723
38,ElasticNet,0.1,0.5,7.1065529828222616,2.6575197264466093,59.21064989782042,72.23838407529982,True,10.436888481266058,6.233746243344685,5.624014943323682,3.9995638018459907,9.238551444330897
39,ElasticNet,0.1,0.9,7.210518306872782,2.509415222263285,59.93644363893575,72.1681623452735,False,10.397239936252559,6.011650255617234,6.030692941143173,4.369524821013349,9.243483580337593
40,ElasticNet,0.31622776601683794,0.1,8.334342317456619,1.8884390545669796,67.84658047968144,80.4146999686169,False,10.802159845477945,8.616469978598836,7.120873943425717,5.916527769487684,9.215680050292912
41,ElasticNet,0.31622776601683794,0.5,7.529067845891732,2.3788951815919566,62.136291768942534,74.97743692829116,False,10.53148401944985,7.318832747176704,5.8391138709716035,4.729124518381491,9.226784073479005
42,ElasticNet,0.31622776601683794,0.9,7.149155610872795,2.5939255170783957,59.508027157307104,72.13335039010757,False,10.420330976350476,6.141590287471737,5.790322474738718,4.152923207955504,9.24061110784754
43,ElasticNet,1.0,0.1,11.263550745755472,1.3751751317691547,88.88148302653659,105.63983039509962,False,11.936125908250046,12.832788350758678,11.57419408694191,10.792166521973455,9.182478860853271
44,ElasticNet,1.0,0.5,9.604037966686972,1.3013161080601146,76.9193355737843,90.62501710747264,False,11.31256700672615,10.436192594831928,9.13338105521753,7.937313288954942,9.200735887704308
45,ElasticNet,1.0,0.9,7.260393789109449,2.5470322643651877,60.22541569356567,73.28172754272052,False,10.487376870036115,6.682207635349793,5.514929409976534,4.385184277919611,9.23227075226519
46,ElasticNet,3.1622776601683795,0.1,14.824617078086488,3.473993004155291,115.17755897865932,138.83854315996274,False,13.13384438069966,17.440779726001036,16.27788317846749,17.73592958761741,9.534648517646852
47,ElasticNet,3.1622776601683795,0.5,13.083976039488077,2.360976550838698,102.20097318840425,122.87367842761724,False,12.574869322141582,15.29469115033128,14.0974330822138,14.220185970944746,9.232700671808969
48,ElasticNet,3.1622776601683795,0.9,8.675169973413634,1.7137122032998495,70.27641372064502,83.08780120836872,False,10.94153045761777,9.109230479322298,7.726104290634475,6.387385503795613,9.211599135698023
49,ElasticNet,10.0,0.1,17.32636942007638,4.6268957879102235,134.11730361960736,160.41186911043962,False,13.853472870733363,20.20941188099476,19.1040136560242,22.2729739856954,11.191974706934172
50,ElasticNet,10.0,0.5,16.34303446674805,4.188964977266291,126.65898409534748,151.96513202640392,False,13.572806925245843,19.13567151133526,18.02186078943477,20.514924320872904,10.469908786851487
51,ElasticNet,10.0,0.9,11.958305401321168,1.6953831956059287,93.9646780247565,112.16851277359467,False,12.169477197808236,13.766969663037784,12.611096456487589,12.06833771877265,9.175645970499573
52,ElasticNet,31.622776601683793,0.1,18.3752006506499,5.118813234008835,142.07404304656956,169.5587349783048,False,14.150559540084503,21.352395680242388,20.27073468271639,24.14601740683636,11.956295943369865
53,ElasticNet,31.622776601683793,0.5,18.054543810366876,4.9691091355768995,139.6431916973632,166.76000305406703,False,14.057326327111777,21.000547132118957,19.92725182736537,23.57115033212094,11.716443433117334
54,ElasticNet,31.622776601683793,0.9,15.78494257877445,3.9724760119607816,122.4376856145761,147.3085746558096,False,13.397423937998695,18.510171759336984,17.496088622340704,19.502255311436315,10.01877326275956
55,ElasticNet,100.0,0.1,18.739672691279523,5.293961648913928,144.83903418257654,172.76486896768586,False,14.253798060702405,21.74958602467042,20.676173785832592,24.796905688946193,12.221899896246006
56,ElasticNet,100.0,0.5,18.691281194189845,5.273360928666024,144.4737410661682,172.34911341095324,False,14.237583371869281,21.694341780895066,20.63611953479278,24.708166242685078,12.180195040707027
57,ElasticNet,100.0,0.9,18.29095153644796,5.1050539375188775,141.4517707395174,168.92099837146444,False,14.103443673340676,21.23732121875349,20.304761639827042,23.974049005433987,11.835182144884596
58,ElasticNet,316.22776601683796,0.1,18.85856082946659,5.3514989285273025,145.7409542522086,173.8135669331747,False,14.28747371791948,21.879146636434648,20.80842508289903,25.0092207293376,12.3085379807422
59,ElasticNet,316.22776601683796,0.5,18.900624985319,5.374778683731194,146.05799575659725,174.18297697761858,False,14.297809889395054,21.92614872985516,20.85596516170777,25.08805990374444,12.335141241892554
60,ElasticNet,316.22776601683796,0.9,18.902876303958806,5.372645763566324,146.07691245080406,174.20347281237193,False,14.30034601019186,21.927760126160184,20.85596516170777,25.088656824261246,12.34165339747298
61,ElasticNet,1000.0,0.1,18.89653209984813,5.369915583678064,146.02901537713473,174.14879899653482,False,14.29822926935602,21.920526551160506,20.850664366277478,25.077031294190455,12.336209018256197
62,ElasticNet,1000.0,0.5,18.902876303958806,5.372645763566324,146.07691245080406,174.20347281237193,False,14.30034601019186,21.927760126160184,20.85596516170777,25.088656824261246,12.34165339747298
63,ElasticNet,1000.0,0.9,18.902876303958806,5.372645763566324,146.07691245080406,174.20347281237193,False,14.30034601019186,21.927760126160184,20.85596516170777,25.088656824261246,12.34165339747298
64,ElasticNet,3162.2776601683795,0.1,18.902876303958806,5.372645763566324,146.07691245080406,174.20347281237193,False,14.30034601019186,21.927760126160184,20.85596516170777,25.088656824261246,12.34165339747298
65,ElasticNet,3162.2776601683795,0.5,18.902876303958806,5.372645763566324,146.07691245080406,174.20347281237193,False,14.30034601019186,21.927760126160184,20.85596516170777,25.088656824261246,12.34165339747298
66,ElasticNet,3162.2776601683795,0.9,18.902876303958806,5.372645763566324,146.07691245080406,174.20347281237193,False,14.30034601019186,21.927760126160184,20.85596516170777,25.088656824261246,12.34165339747298
67,ElasticNet,10000.0,0.1,18.902876303958806,5.372645763566324,146.07691245080406,174.20347281237193,False,14.30034601019186,21.927760126160184,20.85596516170777,25.088656824261246,12.34165339747298
68,ElasticNet,10000.0,0.5,18.902876303958806,5.372645763566324,146.07691245080406,174.20347281237193,False,14.30034601019186,21.927760126160184,20.85596516170777,25.088656824261246,12.34165339747298
69,ElasticNet,10000.0,0.9,18.902876303958806,5.372645763566324,146.07691245080406,174.20347281237193,False,14.30034601019186,21.927760126160184,20.85596516170777,25.088656824261246,12.34165339747298
