batch_id,cell_id,cycle_life,policy_readable,life_group,n_finite_QDischarge_10_100,n_zero_QDischarge_10_100,n_finite_IR_10_100,n_zero_IR_10_100,n_finite_Tavg_10_100,n_zero_Tavg_10_100,n_finite_chargetime_10_100,n_zero_chargetime_10_100,n_observed_cycles10_100,qd10,qd100,delta_qd100_10,qd_slope10_100,ir10,ir100,delta_ir100_10,ir_mean10_100,temperature_mean10_100,charge_time_mean10_100,delta_q_status,delta_q_min,delta_q_mean,delta_q_var,delta_q_log10var,delta_q_range
batch1,0,1190.0,3.6C(80%)-3.6C,long,91,0,91,0,91,0,91,0,91,1.0745373,1.0759126,0.0013753000000000792,-0.0003139910511227907,0.016572181,0.016667154,9.497300000000167e-05,0.016642758736263735,31.5760350032552,13.384324395604375,available,-0.008459642934268818,-0.0028734152246919164,9.663600264771342e-06,-5.014861042960788,0.009227573611762963
batch1,1,1179.0,3.6C(80%)-3.6C,long,91,0,91,1,91,0,91,0,91,1.0797766,1.0806297,0.000853100000000051,-1.3864077082337847e-05,0.016867684,0.01699684,0.00012915599999999833,0.016736436967032968,31.295828166311242,13.372037857142836,available,-0.011003816596621974,-0.00409961462134519,9.683678956852016e-06,-5.013959617162855,0.010915812084054398
batch1,2,1177.0,3.6C(80%)-3.6C,long,91,0,91,1,91,0,91,0,91,1.0837817,1.0849404,0.001158699999999957,-5.208700430004833e-06,0.01668706,0.016854173,0.00016711299999999998,0.016588203120879122,31.442116534374804,13.379404835164845,available,-0.017216391849644463,-0.004486734282886989,1.8323155109711005e-05,-4.7369997419805365,0.01722891590148375
batch1,3,1226.0,4C(80%)-4C,long,91,0,91,1,91,0,91,0,91,1.0843078,1.0847498,0.00044200000000005346,6.368388278388168e-06,0.016207602,0.016408285,0.0002006830000000001,0.01613268615384615,29.908329568221973,12.053525549450544,available,-0.018960539773269502,-0.007455784700018413,3.608997994486938e-05,-4.442613359277012,0.01914257986452534
batch1,4,1227.0,4C(80%)-4C,long,91,0,91,1,91,0,91,0,91,1.0819536,1.0826457,0.0006920999999999733,8.424255454690329e-06,0.016616168,0.016734114,0.00011794600000000072,0.016482740054945055,31.4281820570246,12.053579249084253,available,-0.013957995093677344,-0.005750008121960181,2.2503824885676158e-05,-4.647743660307859,0.014003530239555487
batch1,5,1074.0,4.4C(80%)-4.4C,long,91,0,91,0,91,0,91,0,91,1.080176,1.0797794,-0.0003965999999999692,2.045752508361176e-06,0.016248615,0.016325712,7.70969999999982e-05,0.01626589675824176,30.91369988695243,15.437651080586145,available,-0.025178778949337288,-0.01107391297973859,6.624026126041227e-05,-4.178877963304522,0.025415890215258904
batch1,6,636.0,4.8C(80%)-4.8C,middle,91,0,91,1,91,0,91,0,91,1.0811012,1.0792426,-0.0018586000000000436,-1.8384228380315563e-05,0.016690306,0.016668631,-2.167499999999878e-05,0.016475749560439557,32.24983543491405,10.043405329670298,available,-0.03788603931347978,-0.015965056248274823,0.00017026371292231957,-3.7688779002277237,0.037948073595324164
batch1,7,870.0,4.8C(80%)-4.8C,middle,91,0,91,1,91,0,91,0,91,1.097587,1.0957625,-0.0018245000000001177,-1.238966873705992e-05,0.016181435,0.01627275,9.131499999999806e-05,0.01603530781318681,31.973256280500298,10.04442992673991,available,-0.03823338650707442,-0.016645727245619735,0.00015364340477588736,-3.8134860773269867,0.03809333050773956
batch1,8,879.0,5.4C(40%)-3.6C,middle,91,0,91,0,91,0,91,0,91,1.0941397,1.0941359,-3.7999999999982492e-06,-7.819638477463966e-06,0.016685469,0.016829027,0.0001435579999999985,0.016709904560439564,32.07835379862389,11.24570701465201,available,-0.030807702259195047,-0.012818967232022799,9.97253091328456e-05,-4.001194608771134,0.03081605713139243
batch1,9,1054.0,5.4C(40%)-3.6C,long,91,0,91,0,91,0,91,0,91,1.0866315,1.0876312,0.0009996999999999368,5.2990699155916415e-06,0.016847193,0.016944561,9.736800000000045e-05,0.01682917540659341,32.64506491955275,11.243820860805872,available,-0.028724475696229934,-0.011510600568480111,8.72200481780871e-05,-4.059383677769545,0.028686854755024357
batch1,10,906.0,5.4C(50%)-3C,middle,91,0,91,1,91,0,91,0,91,1.0795403,1.0816405,0.0021002000000001075,6.026134734830682e-06,0.01646658,0.016675979,0.000209398999999999,0.0163856728021978,33.183029052978426,11.686669780219818,available,-0.026992931922526497,-0.010668007843734223,9.493510903192643e-05,-4.022573146487059,0.027114246960028718
batch1,11,788.0,5.4C(50%)-3C,middle,91,0,91,1,91,0,91,0,91,1.0581003,1.0599719,0.0018716000000000843,4.613694855869042e-06,0.016196392,0.0162715,7.510800000000081e-05,0.015998690340659337,32.737335353469376,11.68509159340663,available,-0.023691513033622602,-0.008378205102529986,7.130228856858242e-05,-4.146896530502188,0.024273347276793977
batch1,12,902.0,5.4C(50%)-3.6C,middle,91,0,91,0,91,0,91,0,91,1.081143,1.0819131,0.0007700999999999958,6.052810957162775e-07,0.016418315,0.016531222,0.00011290700000000237,0.016436112274725276,33.46370483841537,10.682910934065939,available,-0.027438869587688153,-0.011237958333707347,7.495650888780392e-05,-4.125190648988873,0.027430757030348297
batch1,13,897.0,5.4C(50%)-3.6C,middle,91,0,91,0,91,0,91,0,91,1.0836941,1.0836461,-4.8000000000048004e-05,-7.604817646122356e-06,0.017012455,0.01714633,0.00013387500000000205,0.01703356196703297,32.09855469451812,10.683663827838837,available,-0.029137075239816568,-0.013148734381658471,8.953514522265102e-05,-4.048006457642694,0.02896736491794089
batch1,14,880.0,5.4C(60%)-3C,middle,91,0,91,0,91,0,91,0,91,1.0752021,1.0762016,0.000999500000000042,1.6309520624303098e-05,0.016928159,0.017053071,0.00012491199999999786,0.016969576923076924,33.06387883092461,15.291828736263737,available,-0.0282939556930506,-0.011946218223467892,8.993529426869348e-05,-4.046069839990279,0.028284624567534566
batch1,15,719.0,5.4C(60%)-3C,middle,91,0,91,0,91,0,91,0,91,1.0666022,1.0677497,0.001147500000000079,1.673795190316959e-05,0.016743079,0.016914751,0.00017167199999999772,0.01682554152747253,33.14516569291013,15.29100639194134,available,-0.02894455469678503,-0.011013089313180444,9.595130743781206e-05,-4.017949103167607,0.028815176320541133
batch1,16,862.0,5.4C(60%)-3.6C,middle,91,0,91,1,91,0,91,0,91,1.0857847,1.0863206,0.0005359000000000336,1.3498762541806117e-05,0.016649365,0.016816031,0.00016666599999999934,0.016511938912087912,32.420218382666164,10.125278095238116,available,-0.027606674842371115,-0.012403806163792485,7.954013514589506e-05,-4.099413675443745,0.027510306861823347
batch1,17,857.0,5.4C(60%)-3.6C,middle,91,0,91,0,91,0,91,0,91,1.0757509,1.0769763,0.0012254000000000431,5.362154801720751e-06,0.016624577,0.016800802,0.0001762249999999986,0.01667530443956044,32.10059557412021,10.138984047619054,available,-0.031067967108938555,-0.013343115757399526,0.00010711259692754453,-3.970159451162403,0.03105212515881919
batch1,18,691.0,5.4C(70%)-3C,middle,91,0,91,0,91,0,91,0,91,1.0695512,1.0645274,-0.005023800000000023,-0.0004958883612040131,0.019886132,0.015891589,-0.003994543,0.017839358582417583,31.875574088361404,9.925854816849819,available,-0.04413321540827286,-0.02070238680333876,0.00022383059792099492,-3.650080545153841,0.04412612538713503
batch1,19,788.0,5.4C(70%)-3C,middle,91,0,91,0,91,0,91,0,91,1.0886388,1.0870851,-0.0015537000000001022,-2.0336293995859345e-05,0.016273927,0.01638364,0.00010971300000000087,0.01632328235164835,33.05124443483438,9.930555989010955,available,-0.04589269342650848,-0.020106274821769736,0.00023993476144574294,-3.6199068274368353,0.04591377132187902
batch1,20,534.0,5.4C(80%)-5.4C,middle,91,0,91,1,91,0,91,0,91,1.0757242,1.0612478,-0.014476399999999945,-0.00014945135531135541,0.015359907,0.015160209,-0.00019969800000000162,0.015014933912087913,32.126769964969824,9.027973278388265,available,-0.06358042689660326,-0.03279598300714767,0.00042930168171296525,-3.367237410245857,0.06359885415472463
batch1,21,559.0,5.4C(80%)-5.4C,middle,91,0,91,1,91,0,91,0,91,1.0858023,1.0767291,-0.009073200000000003,-9.035583054626545e-05,0.01505338,0.015144967,9.158700000000061e-05,0.014916512351648351,33.108983859799515,8.989637289377253,available,-0.06472026276575493,-0.030657577112710634,0.00044633603224653485,-3.3503380515995875,0.0646818139460485
batch1,22,891.0,6C(30%)-3.6C,middle,91,0,91,0,91,0,91,0,91,1.0830258,1.0820541,-0.0009717000000000198,-1.7057273451186197e-05,0.016567849,0.016682273,0.00011442400000000186,0.01658794456043956,32.852232837351465,11.46397212454215,available,-0.032147144008991324,-0.014716371313208602,0.00011164295598941376,-3.9521686731427805,0.03202666074528795
batch1,23,1014.0,6C(30%)-3.6C,long,91,0,91,0,91,0,91,0,91,1.0826545,1.0816909,-0.0009636000000001754,-1.5297888198757587e-05,0.016794458,0.016928671,0.0001342129999999976,0.016821210637362635,32.00034414687629,11.459366483516485,available,-0.029953516931757296,-0.013340620512360239,9.103457241110652e-05,-4.0407936433278895,0.029845534824083038
batch1,24,1017.0,6C(40%)-3C,long,91,0,91,0,91,0,91,0,91,1.077704,1.0776314,-7.259999999997824e-05,-7.558493390666825e-06,0.016535342,0.016682969,0.0001476269999999974,0.016586062043956042,33.38484421656355,12.126660659340681,available,-0.03184213409789827,-0.013873507013282613,0.00011516949866350308,-3.938662523656534,0.03169190427629811
batch1,25,854.0,6C(40%)-3C,middle,91,0,91,0,91,0,91,0,91,1.0783457,1.0780438,-0.0003018999999999661,-1.051261665870343e-05,0.016555659,0.016688013,0.0001323540000000012,0.016593987428571426,33.853505991842376,12.136525805860803,available,-0.02944117289056547,-0.012406193052887388,9.378020536805894e-05,-4.027888820540259,0.029342913477126368
batch1,26,870.0,6C(40%)-3.6C,middle,91,0,91,0,91,0,91,0,91,1.0910354,1.0893713,-0.0016640999999999462,-2.4660891861761114e-05,0.016227074,0.016389275,0.00016220099999999724,0.016284701835164835,33.16330819950574,10.80199225274729,available,-0.03835445363245393,-0.01785015712562481,0.00016024334542563112,-3.7952199967853435,0.03821163580300589
batch1,27,842.0,6C(40%)-3.6C,middle,91,0,91,0,91,0,91,0,91,1.0822893,1.0810226,-0.001266699999999954,-2.0381876094919833e-05,0.01603435,0.016206481,0.00017213099999999898,0.01609961030769231,33.90301764657023,10.803581739926768,available,-0.03583211964634625,-0.01551418714665611,0.00014005441374332457,-3.8537032000559392,0.036015716200012135
batch1,28,860.0,6C(50%)-3C,middle,91,0,91,0,91,0,91,0,91,1.0809715,1.0796947,-0.0012768000000000779,-1.5225352763178775e-05,0.016598588,0.016805848,0.00020726000000000078,0.01668118501098901,33.783317850109555,11.140097179487183,available,-0.03721348031974192,-0.016698122755162716,0.00014298424697322437,-3.844711807496199,0.03720509993522784
batch1,29,917.0,6C(50%)-3C,middle,91,0,91,0,91,0,91,0,91,1.0827931,1.0818107,-0.00098240000000005,-1.4454562828475877e-05,0.016485088,0.016644154,0.00015906600000000284,0.01654609885714286,32.712959080800786,11.150356593406572,available,-0.036868449881918286,-0.01660052342693117,0.0001451170011316565,-3.8382817049630766,0.03701467630390422
batch1,30,709.0,6C(50%)-3.6C,middle,91,0,91,0,91,0,91,0,91,1.0833608,1.0814074,-0.001953399999999883,-2.597604395604379e-05,0.015945569,0.016130757,0.00018518799999999933,0.016010600395604396,33.5489242218094,10.124216007326032,available,-0.04081538502439652,-0.017719122166801278,0.00018001172021664107,-3.744699217898308,0.04076208791560723
batch1,31,876.0,6C(50%)-3.6C,middle,91,0,91,0,91,0,91,0,91,1.0981392,1.0953494,-0.0027898000000001755,-3.470540531931913e-05,0.016826145,0.016962912,0.00013676699999999944,0.016864890659340662,30.379077738389338,10.126856282051266,available,-0.03947820648424727,-0.017983588803246863,0.00016682739789842456,-3.777732624088043,0.03972445798847684
batch1,32,731.0,6C(60%)-3C,middle,91,0,91,0,91,0,91,0,91,1.0810486,1.0793804,-0.0016681999999998975,-2.1473870043000152e-05,0.016101617,0.016290806,0.0001891890000000028,0.016168406296703297,33.08931799720783,10.131027032967076,available,-0.04556628526257467,-0.020730273837007353,0.00022570256930208902,-3.6464634970703615,0.04551627528395315
batch1,33,757.0,6C(60%)-3C,middle,91,0,91,0,91,0,91,0,91,1.0961914,1.0937657,-0.002425699999999864,-3.179694696607711e-05,0.016448634,0.016574621,0.00012598700000000101,0.01648187286813187,33.68685615008,10.13019761904764,available,-0.044901781211682756,-0.021651569301358076,0.00021524962445427153,-3.6670575975866413,0.04484789038394197
batch1,34,742.0,7C(30%)-3.6C,middle,91,0,91,0,91,0,91,0,91,1.0798281,1.0794187,-0.00040940000000011523,-1.0398015607580618e-05,0.016809396,0.016954124,0.00014472800000000022,0.01685217797802198,32.67776155217216,11.033024743589756,available,-0.037218141748807665,-0.016080359430316875,0.00014170456557429945,-3.848616157008837,0.037356484492248786
batch1,35,703.0,7C(30%)-3.6C,middle,91,0,91,0,91,0,91,0,91,1.0741303,1.0739936,-0.00013669999999987859,-5.950627488453387e-06,0.016911812,0.017091474,0.00017966200000000057,0.016966658494505495,32.10924118315372,11.034964212454225,available,-0.039152034335048436,-0.018223341654084003,0.00016880845085747467,-3.7726058155960294,0.03912459530141777
batch1,36,704.0,7C(40%)-3C,middle,91,0,91,0,91,0,91,0,91,1.081539,1.0802411,-0.001297899999999963,-1.628153049848728e-05,0.016346447,0.016568536,0.00022208899999999823,0.01644086768131868,32.05637589574224,11.556540054945067,available,-0.044621405961221994,-0.02104235085802675,0.00021404183097836082,-3.6695013425959444,0.04460788210743549
batch1,37,648.0,7C(40%)-3C,middle,91,0,91,0,91,0,91,0,91,1.0783199,1.0768065,-0.001513400000000109,-1.92361968466318e-05,0.016478464,0.016675115,0.00019665099999999908,0.016547135373626374,32.970580505501694,11.561057014652038,available,-0.044544784957630146,-0.019436824634916583,0.00021186592167101386,-3.673938893314921,0.04436666641894167
batch1,38,617.0,7C(40%)-3.6C,middle,91,0,91,0,91,0,91,0,91,1.0760679,1.0749754,-0.0010924999999999407,-1.8634390826564767e-05,0.016120763,0.016349318,0.0002285550000000018,0.01621557298901099,33.7083853223586,10.232226025641044,available,-0.05641559694699583,-0.026764193834967424,0.00036893667248310104,-3.4330481735466756,0.05650462414602076
batch1,39,625.0,7C(40%)-3.6C,middle,91,0,91,0,91,0,91,0,91,1.0856049,1.0847629,-0.0008420000000000094,-1.3555031055900708e-05,0.016595514,0.01683517,0.00023965600000000128,0.0166943950989011,33.518377207907015,10.24095256410253,available,-0.053143954091811496,-0.024440041487006035,0.0003129437479421444,-3.5045337204530713,0.05307671496212026
batch1,40,966.0,8C(15%)-3.6C,middle,91,0,91,0,91,0,91,0,91,1.0871686,1.0857353,-0.0014332999999999707,-1.8422352285395924e-05,0.01659501,0.016823037,0.0002280269999999987,0.016680402087912084,33.466994147224064,12.08827020146521,available,-0.02909570881628587,-0.012628807847703542,8.806174658415387e-05,-4.0552127051547355,0.029083650304368124
batch1,41,1051.0,8C(15%)-3.6C,long,91,0,91,0,91,0,91,0,91,1.0827476,1.0821686,-0.0005790000000001072,-9.66921484312833e-06,0.016678508,0.016855884,0.00017737599999999992,0.01674448792307692,33.07975773547041,12.091806996337025,available,-0.02850629135902205,-0.012358568562846162,8.48176100238975e-05,-4.071513969179501,0.028528475303612945
batch1,42,702.0,8C(25%)-3.6C,middle,91,0,91,0,91,0,91,0,91,1.0837516,1.0832821,-0.0004695000000001226,-7.0991622869883675e-06,0.016604628,0.016871214,0.0002665859999999992,0.016718749989010993,33.59841781906345,11.17802357142863,available,-0.04470964572873015,-0.020599210252813277,0.00021584610431745794,-3.6658557852690015,0.044499208724973274
batch1,43,651.0,8C(25%)-3.6C,middle,91,0,91,0,91,0,91,0,91,1.0714344,1.0688359,-0.002598499999999948,-3.2251068641503214e-05,0.015990974,0.016239306,0.00024833199999999694,0.016110037076923076,33.34349274550026,11.178613589743591,available,-0.044605890152637384,-0.019165626778476195,0.00021489233671107995,-3.667779071634814,0.044566484417772445
batch1,44,616.0,8C(35%)-3.6C,middle,91,0,91,0,91,0,91,0,91,1.0882163,1.0847102,-0.0035061000000000675,-4.222089504698211e-05,0.017304897,0.017589169,0.0002842720000000021,0.017418254494505497,32.56778256742335,10.257643589743598,available,-0.05879707165403769,-0.029329092901317067,0.0003795770928016619,-3.42070000480644,0.058634621299613214
batch1,45,599.0,8C(35%)-3.6C,middle,91,0,91,0,91,0,91,0,91,1.0875177,1.0858277,-0.0016899999999999693,-2.2526972447841762e-05,0.016561555,0.016836088,0.0002745330000000004,0.016679850505494507,33.01980626490123,10.258617820512795,available,-0.059403509916114317,-0.02886609052113574,0.0003755845892835457,-3.425292235698853,0.05950922713682378
batch2,0,477.0,5.2C(58%)-4C,short,91,0,91,0,91,0,91,0,91,1.1037184,1.1052729,0.0015544999999999032,1.0050197483675838e-05,0.017422387,0.017472349,4.996200000000062e-05,0.017336257527472528,31.819665574752385,10.17323098901111,available,-0.055061277717081025,-0.025801000173386008,0.0003256380937000854,-3.4872647963011447,0.05496606417300808
batch2,1,491.0,5.6C(26%)-4.5C,short,91,0,91,0,91,0,91,0,91,1.1083114,1.1015422,-0.006769200000000142,-3.1866625258798583e-05,0.017800575,0.01748017,-0.0003204049999999993,0.01751523134065934,33.61477334899051,10.196931703296583,available,-0.0661147205894651,-0.035595007639683186,0.0005034410615908589,-3.2980513654760366,0.06618580614558146
batch2,2,424.0,5.2C(50%)-4.25C,short,91,0,91,0,91,0,91,0,91,1.078596,1.0728362,-0.005759800000000093,-6.105121197643081e-06,0.016386345,0.016570868,0.00018452299999999894,0.01644493075824176,33.17156277120817,10.175011208791272,available,-0.052717818544041395,-0.025013386420214043,0.00034653861464528006,-3.4602483651128177,0.05262433151258172
batch2,3,499.0,4.65C(44%)-5C,short,91,0,91,0,91,0,91,0,91,1.0984287,1.1003293,0.001900600000000141,7.462896798853295e-05,0.015786653,0.016047783,0.0002611299999999983,0.01591295997802198,33.93865768577528,10.173155128205178,available,-0.05586845261151374,-0.020089882918698704,0.000318975262145792,-3.496242996974693,0.05583241287019599
batch2,4,444.0,4.65C(69%)-6C,short,91,0,91,0,91,0,91,0,91,1.0907151,1.0813601,-0.009355000000000002,-6.578035355948437e-05,0.016426027,0.016164802,-0.00026122500000000035,0.016138183263736266,33.03890158683338,10.232924780219733,available,-0.07029720690084085,-0.034781796484889084,0.0005854545529657333,-3.232506812226559,0.07042746452492928
batch2,5,416.0,3.6C(30%)-6C,short,91,0,91,0,91,0,91,0,91,1.0987128,1.0760076,-0.02270519999999987,-0.00018602243828635148,0.015553319,0.015297641,-0.00025567799999999877,0.015255637516483518,32.999161656222306,10.200482527472545,available,-0.08615002847927744,-0.04648540460048997,0.0008205749892219913,-3.085881724279185,0.08617923490217896
batch2,6,393.0,3.6C(9%)-5C,short,91,0,91,0,91,0,91,0,91,1.0903428,1.090597,0.00025420000000009324,5.756180124223578e-05,0.016034622,0.016069336,3.471400000000166e-05,0.016014700373626373,33.81706063663985,10.179308040293128,available,-0.04987247893740465,-0.02082479246051704,0.00029509395529212125,-3.53003968650195,0.04993301501751011
batch2,7,777.0,4.8C(80%)-4.8C-newstructure,middle,91,0,91,0,91,0,91,0,91,1.0903423,1.09727,0.00692769999999987,5.744192705844874e-05,0.014798171,0.014822467,2.429600000000004e-05,0.014788525,33.787848323118595,10.035669322344315,available,-0.021737979924043582,-0.008823099834708447,5.865835912266468e-05,-4.231670089905405,0.021920137620199717
batch2,8,904.0,5.2C(58%)-4C-newstructure,middle,91,0,91,0,91,0,91,0,91,1.0917038,1.0909338,-0.0007699999999999374,-5.3079071667462564e-05,0.016466521,0.016514871,4.834999999999909e-05,0.016463798230769232,33.60846715529092,10.039861630036631,available,-0.027841110945332148,-0.011203415580045945,7.899098323286501e-05,-4.10242248030074,0.027921056912021795
batch2,9,791.0,5.6C(26%)-4.5C-newstructure,middle,91,0,91,0,91,0,91,0,91,1.0985823,1.0975486,-0.0010336999999998042,-3.945754419493503e-05,0.015450327,0.015355112,-9.521499999999919e-05,0.015394564857142858,32.347053674564215,10.039853992673986,available,-0.019754152325308416,-0.007446960333569007,4.5245388051825846e-05,-4.344425682662564,0.02739549526671184
batch2,10,492.0,4.8C(80%)-4.8C,short,91,0,91,0,91,0,91,0,91,1.1099281,1.1162933,0.006365199999999849,6.384393725115472e-05,0.017106358,0.017032536,-7.38219999999977e-05,0.017046631582417583,31.73077993571125,10.169334908424842,available,-0.05580244986198335,-0.02952029629956943,0.00035407876899738185,-3.4509001132975605,0.0557649949683685
batch2,11,449.0,5.2C(50%)-4.25C,short,91,0,91,0,91,0,91,0,91,1.0982223,1.1086942,0.010471899999999978,0.00012643977384933878,0.016983757,0.017377542,0.00039378500000000066,0.0172252149010989,33.1363899537519,10.173903791208817,available,-0.05489875594719695,-0.024012633467613776,0.000327044446642087,-3.485393220979881,0.054827936721698584
batch2,12,466.0,4.65C(44%)-5C,short,91,0,91,0,91,0,91,0,91,1.1027151,1.1065857,0.0038705999999999463,3.275929447364218e-05,0.016635677,0.016230639,-0.0004050379999999999,0.0164848649010989,31.300384352318062,10.174880036630089,available,-0.07733124344865683,-0.03939759227215439,0.0006792531042316953,-3.1679683681509765,0.07735684310253231
batch2,13,460.0,4.65C(69%)-6C,short,91,0,91,0,91,0,91,0,91,1.0968143,1.0951428,-0.001671499999999826,-8.527410415671142e-06,0.016271012,0.015877165,-0.0003938470000000027,0.01601688472527472,31.940231375546322,10.214825879120806,available,-0.06467448840609535,-0.0340700221226121,0.00045243092034126796,-3.3444477218838284,0.06469506143568464
batch2,14,426.0,3.6C(30%)-6C,short,91,0,91,0,91,0,91,0,91,1.0849262,1.0776343,-0.007291900000000018,-0.0001001943749004621,0.016551763,0.016307713,-0.00024404999999999913,0.016210692912087914,32.12032476841645,53.36722245421255,available,-0.0837144352028476,-0.04455576451036339,0.0007611671443129553,-3.118519966248836,0.08352005982429006
batch2,15,396.0,3.6C(9%)-5C,short,91,0,91,0,91,0,91,0,91,1.0711806,1.0770745,0.0058939000000000075,8.864344640866375e-05,0.016505012,0.016250428,-0.00025458399999999867,0.016251632197802197,32.8583349352744,10.17295906593412,available,-0.05093467639415561,-0.024135288352654265,0.0003046127470747836,-3.516251926776714,0.050832141831514764
batch2,16,472.0,4.8C(80%)-4.8C,short,91,0,91,0,91,0,91,0,91,1.0965556,1.0940695,-0.0024861000000000466,-2.245852524287308e-05,0.017497908,0.017497422,-4.860000000009301e-07,0.01747787212087912,32.77880302075412,10.171597252747269,available,-0.0532543676756424,-0.026244652410942607,0.0003199771811309943,-3.494880991874622,0.053066037269337375
batch2,17,471.0,5.6C(26%)-4.5C,short,91,0,91,0,91,0,91,0,91,1.09258,1.0944375,0.0018574999999998454,3.920608058608046e-05,0.017219812,0.017077988,-0.0001418240000000022,0.017066323923076922,32.98745273638719,10.181669194139298,available,-0.05256239657553352,-0.024346340387445996,0.0003159772910980138,-3.5003441284740386,0.05247643936000629
batch2,18,449.0,5.2C(50%)-4.25C,short,91,0,91,0,91,0,91,0,91,1.0786648,1.0858426,0.007177800000000012,0.00010981586399108132,0.016603624,0.016764851,0.0001612269999999999,0.01664530532967033,32.888914245448206,10.174119505494547,available,-0.03974566910430133,-0.016640891110932497,0.00019619921427892916,-3.707302736176298,0.03986173198980093
batch2,19,392.0,6C(60%)-3C,short,91,0,91,0,91,0,91,0,91,1.0924506,1.0930592,0.0006085999999998482,1.2324980092371221e-05,0.016646471,0.016835213,0.00018874200000000216,0.01672315553846154,32.77247428690546,10.17362760073265,available,-0.06565175087353758,-0.03430820779792184,0.0005105543672328962,-3.291958004542694,0.0657146614159786
batch2,20,489.0,5.2C(58%)-4C,short,91,0,91,0,91,0,91,0,91,1.1000065,1.1038647,0.0038581999999998118,2.7545793916228794e-05,0.01662473,0.016847031,0.00022230099999999767,0.016612389571428573,33.62125729062964,53.2764745970696,available,-0.06050408803806073,-0.024435139451588442,0.0003619883290668569,-3.4413054314104006,0.06030725970510947
batch2,21,408.0,6C(60%)-3C,short,91,0,91,0,91,0,91,0,91,1.102361,1.1000447,-0.002316299999999938,3.9052729096989825e-05,0.017087933,0.017412279,0.00032434599999999966,0.017202596604395607,33.62046949381312,10.174717582417612,available,-0.06446758204398206,-0.03328855261100499,0.0004713254868518693,-3.326679075199306,0.06432652625538615
batch2,22,,VarCharge-2C-100cycles,unknown,91,0,91,0,91,0,91,0,91,1.0933094,1.0839342,-0.009375200000000028,0.0007476909772256724,0.021770682,0.021770682,0.0,0.021770682,34.49611332566944,34.49778465201456,available,-0.006779169322993939,-0.002618816303222525,2.2847111406387513e-05,-4.641168700608011,0.022815998040478513
batch2,23,,VarCharge-4C-100cycles,unknown,91,0,91,0,91,0,91,0,91,1.0919091,1.0753278,-0.016581300000000132,0.0006328918507724164,0.021160889,0.021160889,0.0,0.021160888999999992,34.14808267074589,22.62894368131869,available,-0.01921756649136097,-0.011590160361131023,4.4029699642585154e-05,-4.356254277157163,0.019536944108186745
batch2,24,514.0,4.8C(80%)-4.8C,middle,91,0,91,0,91,0,91,0,91,1.0956398,1.1019264,0.00628659999999992,4.0047486860965176e-05,0.016493525,0.016512815,1.9290000000001667e-05,0.0165101892967033,33.21702458756963,10.169970677655682,available,-0.04572997432532899,-0.02277147977476359,0.00022862026926774183,-3.6408852680750527,0.04579419772499313
batch2,25,493.0,5.2C(58%)-4C,short,91,0,91,0,91,0,91,0,91,1.1010141,1.1063702,0.005356099999999975,3.6553210702340965e-05,0.016673144,0.016851498,0.00017835399999999862,0.016742088362637367,32.24100069749957,10.172898333333311,available,-0.05050846489030969,-0.023610982444417374,0.0002920936192579677,-3.5344779300217333,0.05046312427120549
batch2,26,450.0,5.6C(26%)-4.5C,short,91,0,91,0,91,0,91,0,91,1.1064944,1.1065354,4.099999999995774e-05,-8.591318681318508e-06,0.018019505,0.01758286,-0.00043664500000000286,0.01765810278021978,33.695869210067514,53.303939358974326,available,-0.0733087791289827,-0.03803854165400029,0.0005997170447101127,-3.2220536077932804,0.07329416425870384
batch2,27,474.0,5.2C(50%)-4.25C,short,91,0,91,0,91,0,91,0,91,1.0961983,1.1031471,0.006948799999999977,8.367819397993298e-05,0.017537743,0.01780102,0.00026327699999999926,0.017591365967032965,33.307932151861586,10.174668223443103,available,-0.05449125756065937,-0.02468392780224258,0.0003264347368865592,-3.48620363289781,0.05445199616816122
batch2,28,437.0,4.8C(80%)-4.8C,short,91,0,91,0,91,0,91,0,91,1.0936617,1.0995919,0.005930200000000108,5.10819557254337e-05,0.016414305,0.016172467,-0.00024183800000000116,0.016246950296703297,32.1423761423245,53.28949512820504,available,-0.05649138678277321,-0.027989332592662373,0.00037721489290159214,-3.4234111691232063,0.05647466163658005
batch2,29,452.0,5.2C(58%)-4C,short,91,0,91,0,91,0,91,0,91,1.1057531,1.1159806,0.010227500000000056,0.00011401295747730564,0.016643971,0.016906593,0.00026262200000000055,0.016734517087912088,31.793738230497542,10.173047326007305,available,-0.05263352953614442,-0.02532223237657199,0.0003102785983552323,-3.5082481790944344,0.05255796378149183
batch2,30,412.0,5.6C(26%)-4.5C,short,91,0,91,0,91,0,91,0,91,1.0984639,1.092545,-0.005918899999999949,-8.940455964325538e-05,0.017274614,0.01676775,-0.0005068639999999992,0.01682596767032967,33.81905122348488,53.31188326007324,available,-0.07552303651130998,-0.03965588948997046,0.0006525149114268708,-3.1854095592748743,0.07553980531115281
batch2,31,425.0,5.6C(26%)-4.5C,short,91,0,91,0,91,0,91,0,91,1.09855,1.1006228,0.002072800000000097,4.708831820353575e-05,0.016657481,0.016207041,-0.00045043999999999987,0.016292768164835165,33.36490461513517,10.19509214285708,available,-0.06422883358208353,-0.030624456764042955,0.00044426404704274566,-3.35235883148731,0.06469781958678031
batch2,32,809.0,4.8C(80%)-4.8C-newstructure,middle,91,0,91,0,91,0,91,0,91,1.09124,1.0874337,-0.003806299999999929,-7.674978818283182e-05,0.014838737,0.01476752,-7.121700000000016e-05,0.014808498252747252,32.17084948990925,53.15537093406601,available,-0.02746120651303563,-0.013389939833647101,7.388118368069333e-05,-4.131466155166347,0.027403065642936507
batch2,33,1140.0,5.2C(58%)-4C-newstructure,long,91,0,91,0,91,0,91,0,91,1.0744437,1.0686773,-0.005766399999999949,-0.00013961106864150344,0.015004138,0.015007826,3.687999999999955e-06,0.01498708175824176,32.75110583059949,10.039593333333256,available,-0.024084742136216253,-0.011579541007786182,5.866400117176798e-05,-4.23162831933775,0.026478386234814924
batch2,34,1186.0,5.6C(26%)-4.5C-newstructure,long,91,0,91,0,91,0,91,0,91,1.0688004,1.0644548,-0.0043455999999999495,-6.514612836438903e-05,0.014961012,0.01494381,-1.720199999999915e-05,0.014949122846153847,35.67966274463535,53.16224424908428,available,-0.01914294964399932,-0.008120054579074073,3.5597117054099105e-05,-4.448585173324752,0.020477001530586583
batch2,35,,VarCharge-6C-100cycles,unknown,91,0,91,0,91,0,91,0,91,1.0655857,1.0296415,-0.03594419999999987,0.0003064950651377612,0.020666521,0.020666521,0.0,0.020666521,36.52310164180982,18.557187472527463,available,-0.07570840765806064,-0.044821244304517734,0.000604075245598287,-3.2189089608610653,0.07592093106191196
batch2,36,,VarCharge-8C-100cycles,unknown,91,0,91,0,91,0,91,0,91,1.0663357,1.0034419,-0.06289379999999989,-5.349455263576965e-05,0.02033557,0.02033557,0.0,0.02033557,38.600933865467184,17.265190238095265,available,-0.1360257368450053,-0.08442876531435932,0.002065771068001692,-2.6849178093471577,0.13603184528588125
batch2,37,,3.6C(80%)-3.6C(SLOWCYCLE,unknown,91,0,91,0,91,0,91,0,91,1.0849046,2.1673884,1.0824838,0.0007803050179964962,0.017081209,0.027307276,0.010226066999999998,0.01724756624175824,32.92755112744068,18.634506538461693,available,-0.028681743378075525,-0.0029820466170849703,1.695856550878882e-05,-4.770610886629153,0.02872699701102338
batch2,38,,4.8C(80%)-4.8C(SLOWCYCLE,unknown,91,0,91,0,91,0,91,0,91,1.0860128,2.1622672,1.0762544,0.0007141847443860491,0.016551027,0.025906378,0.009355351000000001,0.016575177461538464,32.211428812132965,15.334740054945106,available,-0.03614952540357205,-0.013148209711945616,6.0904550971893996e-05,-4.215350254359975,0.03598821239499639
batch2,39,,3.6C(9%)-5C(SLOWCYCLE,unknown,91,0,91,0,91,0,91,0,91,1.0737677,2.1270139,1.0532462,0.0006805418967988533,0.016931556,0.025266839,0.008335282999999999,0.01678890668131868,32.89630213564834,15.339982912087837,available,-0.06095179783518334,-0.03455301965015995,0.0004339268330283632,-3.3625834932774885,0.06076094606584065
batch2,40,,5.2C(58%)-4C(SLOWCYCLE,unknown,91,0,91,91,91,0,91,0,91,1.0857954,2.1616216,1.0758262,0.0007476598901098903,0.0,0.0,0.0,0.0,32.4766687726498,58.44570928571431,available,-0.048163210220580344,-0.02547583082825176,0.0002514390480151275,-3.5995672762895525,0.04812853395733836
batch2,41,442.0,5.6C(26%)-4.5C,short,91,0,91,91,91,0,91,0,91,1.1056466,1.108752,0.003105399999999925,2.7633532409619428e-05,0.0,0.0,0.0,0.0,30.168518108923273,53.30479223443221,available,-0.08093104924483763,-0.037768291495701274,0.0006724100406155343,-3.1723658101769976,0.08088470438868473
batch2,42,474.0,5.2C(50%)-4.25C,short,91,0,91,91,91,0,91,0,91,1.1048694,1.1133598,0.00849040000000012,8.67374454530979e-05,0.0,0.0,0.0,0.0,31.703853328856898,10.175137216117209,available,-0.054167624970645756,-0.02934071492636848,0.0003291640157368037,-3.482587648007536,0.0541331166345867
batch2,43,1029.0,4.8C(80%)-4.8C-newstructure,long,91,0,91,91,91,0,91,0,91,1.0997281,1.0966223,-0.0031058000000001584,-8.207105590062095e-05,0.0,0.0,0.0,0.0,33.9996775960074,10.036811593406627,available,-0.019164842112240565,-0.00777834835139346,5.3483284647826735e-05,-4.271781928623568,0.029295348950407307
batch2,44,841.0,5.2C(58%)-4C-newstructure,middle,91,0,91,91,91,0,91,0,91,1.098514,1.0974951,-0.0010189000000000448,-2.9368394648828947e-05,0.0,0.0,0.0,0.0,33.97846626034563,53.14453857142855,available,-0.020302277620516618,-0.008750572617170911,4.3199281110227894e-05,-4.36452348032534,0.02040897788452361
batch2,45,997.0,5.6C(26%)-4.5C-newstructure,middle,91,0,91,91,91,0,91,0,91,1.1031003,1.0995457,-0.0035545999999999633,-8.363886128364376e-05,0.0,0.0,0.0,0.0,35.26189324143087,10.04019712454209,available,-0.026670418787086536,-0.011157666285585534,6.680132101075869e-05,-4.175214949171005,0.026718036795848936
batch2,46,503.0,4.8C(80%)-4.8C,middle,91,0,91,91,91,0,91,0,91,1.1016624,1.0998453,-0.001817100000000016,1.9813492594362058e-05,0.0,0.0,0.0,0.0,29.892159474125208,53.28706027472527,available,-0.05286240500828243,-0.02283429863191323,0.00030983099889204734,-3.5088751328187002,0.05502433843222826
batch3,0,1009.0,5C(67%)-4C-newstructure,long,91,0,91,0,91,0,91,0,91,1.0704191,1.0694544,-0.0009647000000001515,-1.5158867654084501e-05,0.015249968,0.015270543,2.0575000000000107e-05,0.015228889351648355,32.20608790756306,10.042506868131868,available,-0.02331165742747432,-0.01010217739369119,5.687024898905241e-05,-4.245114870317645,0.023353609338209153
batch3,1,1063.0,5.3C(54%)-4C-newstructure,long,91,0,91,0,91,0,91,0,91,1.068262,1.0664777,-0.001784299999999961,-2.3035981844242227e-05,0.014960369,0.015059211,9.884200000000003e-05,0.014977933208791205,34.85069370345211,10.041386007325949,available,-0.022324177554068236,-0.009621018929360837,5.181521321780508e-05,-4.28554271039912,0.02217206201384168
batch3,2,1267.0,5.6C(19%)-4.6C-newstructure,long,91,0,91,0,91,0,91,0,91,1.0627875,1.0606135,-0.0021739999999998982,-2.7150113075330582e-05,0.014589412,0.01447712,-0.00011229199999999995,0.014607483439560438,36.83768238936076,10.04364670329666,available,-0.008648038341613706,-0.0026131423354832516,1.6619555727408117e-05,-4.77938058992098,0.019172275347492718
batch3,3,1115.0,5.6C(36%)-4.3C-newstructure,long,91,0,91,0,91,0,91,0,91,1.0651054,1.0635946,-0.0015107999999999233,-1.969855709507864e-05,0.014951255,0.015062672,0.00011141699999999907,0.01500278831868132,36.077997165743646,10.041500054945082,available,-0.026836614735112785,-0.010705414352713173,7.645259474220121e-05,-4.116607770381197,0.026909161099029674
batch3,4,1048.0,5.6C(19%)-4.6C-newstructure,long,91,0,91,0,91,0,91,0,91,1.0745391,1.0738586,-0.0006804999999998618,-1.178107023411352e-05,0.015149157,0.015179508,3.0350999999999642e-05,0.01512416971428571,32.12557596502858,10.045643296703325,available,-0.024810275761238065,-0.01010643886890673,6.630317519564988e-05,-4.178465673149821,0.024761368718802232
batch3,5,828.0,5.6C(36%)-4.3C-newstructure,middle,91,0,91,0,91,0,91,0,91,1.0536922,1.0518515,-0.0018407000000000284,-2.237926580665735e-05,0.015191662,0.015206923,1.5261000000000788e-05,0.015171881615384616,35.59140516360937,10.042010677655755,available,-0.025445098246365427,-0.011445765437692483,7.683799523990656e-05,-4.114423974726586,0.025658176975653944
batch3,6,667.0,3.7C(31%)-5.9C-newstructure,middle,91,0,91,0,91,0,91,0,91,1.0624539,1.04378,-0.01867390000000002,-0.0002030154196528108,0.013582986,0.013847317,0.0002643309999999996,0.013746279076923077,34.115817620720705,10.082544725274769,available,-0.05320164659124538,-0.028517561100453784,0.00029805183986089944,-3.5257081929454923,0.053458852438885686
batch3,7,1836.0,4.8C(80%)-4.8C-newstructure,long,91,0,91,0,91,0,91,0,91,1.0702851,1.0684743,-0.0018107999999998903,-1.069479534957834e-05,0.015441688,0.015500138,5.844999999999982e-05,0.015424254714285714,32.808879475206744,11.040780219780252,available,-0.017059021835070354,-0.007037779014879844,3.2453221357996856e-05,-4.488742187967907,0.01722514655484607
batch3,8,828.0,5C(67%)-4C-newstructure,middle,91,0,91,0,91,0,91,0,91,1.0679353,1.067026,-0.0009093000000000018,-1.357326166587002e-05,0.01528774,0.015265453,-2.2286999999999307e-05,0.015244694604395606,33.068549203584894,10.043185439560489,available,-0.026848970612832312,-0.011806368426415048,8.094615840627263e-05,-4.091803757442373,0.026852867076833743
batch3,9,1039.0,5.3C(54%)-4C-newstructure,long,91,0,91,0,91,0,91,0,91,1.0727774,1.0724456,-0.00033180000000010423,-8.854330307373818e-06,0.015798753,0.015873827,7.507400000000136e-05,0.015794970285714287,33.09866042369786,10.04111170329672,available,-0.0295752747869662,-0.01447801181075607,0.00010416049784765705,-3.982296953008088,0.029403292574443962
batch3,10,1078.0,4.8C(80%)-4.8C-newstructure,long,91,0,91,0,91,0,91,0,91,1.0643069,1.0623909,-0.0019160000000000288,-1.0829767478898704e-05,0.015385433,0.015407138,2.1705000000000335e-05,0.015365414164835167,32.54399223428314,11.038963479853486,available,-0.019093025885229542,-0.008335183582489896,3.8783238947594476e-05,-4.4113559240265765,0.019023397179863667
batch3,11,817.0,5.6C(19%)-4.6C-newstructure,middle,91,0,91,0,91,0,91,0,91,1.0706047,1.0682998,-0.002304900000000165,-2.6095773212294955e-05,0.01553858,0.015558524,1.9944000000000905e-05,0.015521386307692309,34.21806492719247,10.042474047619098,available,-0.034087374997818,-0.015620691175653465,0.00013034033579521087,-3.884921164468091,0.034249514050326675
batch3,12,932.0,5.6C(36%)-4.3C-newstructure,middle,91,0,91,0,91,0,91,0,91,1.0765386,1.0755343,-0.001004299999999958,-1.4032981366459525e-05,0.016063454,0.016099032,3.557799999999792e-05,0.016044263395604396,33.23519248947025,10.042464597069563,available,-0.03173492178819726,-0.01531489306361951,0.00011303424118898805,-3.9467899768101886,0.03163397856885497
batch3,13,816.0,5.6C(19%)-4.6C-newstructure,middle,91,0,91,0,91,0,91,0,91,1.0689164,1.067306,-0.0016103999999999008,-2.3632121356903473e-05,0.015198183,0.015105296,-9.288699999999983e-05,0.015122703373626372,34.130941749387844,10.042348919413891,available,-0.027646083960900736,-0.01176548019743392,8.045138308284514e-05,-4.094466485311571,0.02750631304238666
batch3,14,858.0,5.6C(36%)-4.3C-newstructure,middle,91,0,91,0,91,0,91,0,91,1.0763183,1.0763919,7.359999999989597e-05,-7.178810320115106e-06,0.015582602,0.015591383,8.781000000001107e-06,0.015546697032967037,33.13147973943754,10.041892417582439,available,-0.029282360362737236,-0.013203557332650977,0.00010007654534836023,-3.999667694941731,0.029370129460550502
batch3,15,876.0,5.9C(15%)-4.6C-newstructure,middle,91,0,91,0,91,0,91,0,91,1.0709045,1.0693594,-0.001545099999999966,-1.980556458034765e-05,0.015342494,0.015327176,-1.5318000000000276e-05,0.015300798483516483,33.52853845600545,10.041694835164904,available,-0.02948434500233621,-0.013340330831580071,9.984253014088351e-05,-4.000684421929468,0.02958264010930679
batch3,16,1638.0,4.8C(80%)-4.8C-newstructure,long,91,0,91,0,91,0,91,0,91,1.0635999,1.0625579,-0.0010419999999999874,-1.8832842809364967e-05,0.015331875,0.015333001,1.1260000000005987e-06,0.015303965516483517,34.95522704674217,11.04023639194139,available,-0.013451995639618852,-0.005323302354980101,2.020628622431914e-05,-4.694513499472995,0.018022249943063923
batch3,17,1315.0,5.3C(54%)-4C-newstructure,long,91,0,91,0,91,0,91,0,91,1.0689212,1.0664585,-0.002462699999999929,-1.4394919573180286e-06,0.015435528,0.015362277,-7.325099999999987e-05,0.01544088182417582,35.095867839816854,10.042097307692295,available,-0.017882391550413823,-0.007236216829825155,3.633180045384266e-05,-4.439713079764758,0.024600330209486293
batch3,18,1146.0,5.6C(19%)-4.6C-newstructure,long,91,0,91,0,91,0,91,0,91,1.0700043,1.0670015,-0.003002799999999972,-3.550209428252877e-05,0.015009742,0.015060746,5.100400000000033e-05,0.015012516714285716,35.30985537838845,10.043114267399245,available,-0.02345576998165999,-0.010342257243667845,5.571190370898626e-05,-4.254052001185467,0.023364301968828965
batch3,19,1155.0,5.6C(36%)-4.3C-newstructure,long,91,0,91,0,91,0,91,0,91,1.0738823,1.0708553,-0.003026999999999891,-3.516108934543701e-05,0.015466365,0.015513306,4.6941e-05,0.015460329428571428,35.11627590175709,10.043198241758194,available,-0.025293657704202555,-0.011545479663150093,6.730667325120848e-05,-4.171941874669042,0.02529903884756975
batch3,20,813.0,5C(67%)-4C-newstructure,middle,91,0,91,0,91,0,91,0,91,1.0675322,1.0664401,-0.0010921000000001513,-1.5147082337952033e-05,0.015259762,0.015333491,7.372899999999981e-05,0.015258267032967034,33.11391708302053,10.043402454212483,available,-0.028071993572476917,-0.011919383387319954,8.583320053473407e-05,-4.066344693269561,0.02804358236092874
batch3,21,772.0,3.7C(31%)-5.9C-newstructure,middle,91,0,91,0,91,0,91,0,91,1.0686178,1.0538316,-0.01478619999999986,-0.00016548362478101592,0.013976241,0.014177526,0.00020128499999999896,0.014105092043956045,34.92716014483845,10.080266025641029,available,-0.04327614857800555,-0.02353870422305198,0.00019754830798491912,-3.704326685729231,0.043330302077094374
batch3,22,1002.0,5.9C(60%)-3.1C-newstructure,long,91,0,91,0,91,0,91,0,91,1.0585029,1.0569046,-0.0015982999999999414,-2.3564351011307707e-05,0.015729558,0.015729792,2.3399999999826337e-07,0.015677054527472527,34.63132729414493,10.042516941391874,available,-0.028409329718630083,-0.013722550516362944,8.977958692912617e-05,-4.046822397094466,0.028350329290304406
batch3,23,,4.8C(80%)-4.8C-newstructure,unknown,91,0,91,0,91,0,91,0,91,1.0683903,1.0669227,-0.0014676000000000133,-1.0243317407230489e-05,0.015281721,0.015276786,-4.934999999999315e-06,0.01525682895604396,34.94510048395426,11.038425604395592,available,-0.01560831972082899,-0.006808658684372332,2.8589729471192788e-05,-4.5437899541111975,0.020899104160074233
batch3,24,825.0,5C(67%)-4C-newstructure,middle,91,0,91,0,91,0,91,0,91,1.0499612,1.050084,0.00012279999999997848,-2.1524765089988065e-07,0.015551942,0.015600633,4.869100000000001e-05,0.015544138791208792,34.700446770400006,10.041816959706937,available,-0.0247723986145858,-0.010345482795288031,6.994312062017459e-05,-4.155254994876533,0.024686385829773165
batch3,25,989.0,5.3C(54%)-4C-newstructure,middle,91,0,91,0,91,0,91,0,91,1.0642061,1.0643663,0.00016020000000005474,-2.905426023251661e-06,0.015628567,0.015702758,7.419100000000123e-05,0.015638550835164834,35.59607204985471,10.042504725274737,available,-0.026576249209760316,-0.010925821646167616,7.135743905511085e-05,-4.1465607447332715,0.026477857134395957
batch3,26,1028.0,5.6C(19%)-4.6C-newstructure,long,91,0,91,0,91,0,91,0,91,1.0749502,1.074435,-0.0005151999999999379,-9.675868768911902e-06,0.015588214,0.015650999,6.278499999999923e-05,0.01558993423076923,35.76291274854084,10.042283937728902,available,-0.02417913926788795,-0.01013959278346487,6.032434097872005e-05,-4.219507413901045,0.024232295776403096
batch3,27,850.0,5.6C(36%)-4.3C-newstructure,middle,91,0,91,0,91,0,91,0,91,1.0638406,1.0627574,-0.0010832000000000619,-1.3569039655996165e-05,0.014910381,0.014973907,6.352599999999951e-05,0.014913976747252746,35.324266419529465,10.045011721611743,available,-0.026600290807078597,-0.01070991087322853,7.410844302086189e-05,-4.130132310934438,0.026762821384258343
batch3,28,541.0,3.7C(31%)-5.9C-newstructure,middle,91,0,91,0,91,0,91,0,91,1.0524576,1.0340093,-0.018448300000000195,-0.00020474461697722582,0.013221229,0.013605327,0.0003840980000000011,0.013441283329670331,35.72293765850798,10.091233113553178,available,-0.05783112055064066,-0.03025611921470947,0.00035346149253269254,-3.451657893017001,0.05786137864693781
batch3,29,858.0,5.9C(15%)-4.6C-newstructure,middle,91,0,91,0,91,0,91,0,91,1.0698459,1.0696349,-0.00021099999999996122,-8.117663640707674e-06,0.014893094,0.014796775,-9.631900000000096e-05,0.0148153801978022,31.270035996854823,10.041987307692274,available,-0.028921475161164945,-0.011300575148553208,8.638212824469724e-05,-4.0635761002012085,0.029164941602425054
batch3,30,935.0,5.3C(54%)-4C-newstructure,middle,91,0,91,0,91,0,91,0,91,1.0717069,1.0710108,-0.0006960999999998663,-1.2096585443541806e-05,0.015578452,0.015618403,3.9950999999999876e-05,0.01556645408791209,32.251224165061636,10.043419908424884,available,-0.026737169755743473,-0.011137570899382837,7.939158148811134e-05,-4.1002255467806545,0.026804114296856665
batch3,31,731.0,5.9C(60%)-3.1C-newstructure,middle,91,0,91,0,91,0,91,0,91,1.0708563,1.0698149,-0.0010414000000000811,-1.7997998088867702e-05,0.015862754,0.015953651,9.08969999999995e-05,0.0158726897032967,34.01108300144201,10.045659761904709,available,-0.035619409739265695,-0.01635054856148944,0.00014467616046037193,-3.8396030254357147,0.03570121321681906
batch3,32,,4.8C(80%)-4.8C-newstructure,unknown,91,0,91,0,91,0,91,0,91,1.0746125,1.0733908,-0.0012216999999998812,-1.5948668577799027e-05,0.015432918,0.015374158,-5.8759999999999715e-05,0.015361375945054942,35.46623729799321,11.039413772893797,available,-0.01012140041626175,-0.0032569008987653743,2.1215204766387927e-05,-4.67335277212347,0.02380041360299681
batch3,33,1284.0,5C(67%)-4C-newstructure,long,91,0,91,0,91,0,91,0,91,1.0624503,1.0609198,-0.0015305000000001012,-1.969605032648518e-05,0.015353906,0.015357213,3.306999999999269e-06,0.015333166769230772,33.12068377442862,10.043273534798557,available,-0.019885925647910252,-0.00784867836178756,4.0188487978171294e-05,-4.395898333073689,0.019996205438621278
batch3,34,1158.0,5.3C(54%)-4C-newstructure,long,91,0,91,0,91,0,91,0,91,1.0640321,1.0615493,-0.002482799999999896,-2.892267399267352e-05,0.015308368,0.015331933,2.3565000000001432e-05,0.015296991153846156,35.79776713861069,10.043507087912095,available,-0.02150989276991433,-0.00955200556777299,4.946983882423062e-05,-4.305659504591576,0.021542887413351475
batch3,35,1093.0,5.6C(19%)-4.6C-newstructure,long,91,0,91,0,91,0,91,0,91,1.0652138,1.0632331,-0.0019807000000000574,-2.5849850294632643e-05,0.015385068,0.015414515,2.9447000000000154e-05,0.015369017175824177,35.55319918303348,10.04362437728935,available,-0.02302807515263361,-0.009826425701495065,5.8229318902417414e-05,-4.234858289724564,0.02311851380862777
batch3,36,923.0,5.6C(36%)-4.3C-newstructure,middle,91,0,91,0,91,0,91,0,91,1.0600277,1.0577667,-0.0022610000000000685,-3.125922599139993e-05,0.015143714,0.015179561,3.5846999999998574e-05,0.015127845087912088,35.895392837699205,10.043489890109916,available,-0.022981813517992444,-0.009908357469924613,5.5788165335225655e-05,-4.253457920681209,0.023139442463641635
batch3,37,1390.0,4.8C(80%)-4.8C-newstructure,long,91,0,91,0,91,0,91,0,91,1.0487504,1.0483961,-0.0003543000000001406,-1.1054983277591798e-05,0.014766357,0.014791232,2.4874999999998856e-05,0.014704729593406594,35.01801023180783,11.038430769230729,available,-0.008439822988718593,-0.001076797766325731,7.96423654716803e-06,-5.098855849397497,0.02168024369364796
batch3,38,1935.0,5C(67%)-4C-newstructure,long,91,0,91,0,91,0,91,0,91,1.0723419,1.0710695,-0.0012724000000001734,-1.464993948080924e-05,0.015878676,0.015872136,-6.540000000002794e-06,0.01582874486813187,34.76766970582287,10.043664212454173,available,-0.020147005721674938,-0.008693083372975452,4.5493249228224246e-05,-4.342053043792284,0.023066869388794015
batch3,39,1156.0,5.3C(54%)-4C-newstructure,long,91,0,91,0,91,0,91,0,91,1.0504172,1.0495038,-0.0009133999999999531,-1.8707799012581436e-05,0.015595527,0.01558543,-1.0096999999998843e-05,0.015556197747252747,33.897654387505355,10.043042142857145,available,-0.017457917694832736,-0.006428438589560583,3.510467231268054e-05,-4.454635076566319,0.023155625036735655
batch3,40,796.0,5.6C(19%)-4.6C-newstructure,middle,91,0,91,0,91,0,91,0,91,1.0632297,1.0617574,-0.001472299999999871,-2.011894887720988e-05,0.015478753,0.015327614,-0.0001511389999999998,0.015379819956043957,34.080462713172146,10.043786648351642,available,-0.022053794482172262,-0.009078861478925766,5.068643250322407e-05,-4.29510827493732,0.022132498901707293
batch3,41,786.0,5.6C(36%)-4.3C-newstructure,middle,91,0,91,0,91,0,91,0,91,1.0537622,1.0541531,0.0003908999999999718,1.1853320592426489e-07,0.018316111,0.018368578,5.2467000000000485e-05,0.018295542824175826,33.654851088210236,10.043180164835102,available,-0.024192993699098664,-0.009748050525024678,6.03240691683163e-05,-4.2195093707566445,0.024213045679187695
batch3,42,1642.0,4.8C(80%)-4.8C-newstructure,long,91,0,91,0,91,0,91,0,91,1.069122,1.0689646,-0.00015739999999997423,-5.098993470297699e-06,0.016297385,0.015814589,-0.0004827960000000006,0.016114627791208796,33.06488737559217,11.03845604395602,available,-0.005609789046358671,0.0007845194706261452,4.5061465820542114e-05,-4.346194685061839,0.0273118875128312
batch3,43,1046.0,5C(67%)-4C-newstructure,long,91,0,91,0,91,0,91,0,91,1.0726073,1.0724185,-0.0001888000000001,-4.090297818124053e-06,0.015932007,0.015698643,-0.0002333639999999998,0.015829450307692308,33.91226835365639,10.043630366300306,available,-0.01297639899175873,-0.003266056933426803,4.822275074444368e-05,-4.316748020025344,0.02933869005418166
batch3,44,940.0,5.3C(54%)-4C-newstructure,middle,91,0,91,0,91,0,91,0,91,1.0727483,1.0729284,0.00018009999999990534,-6.090893454371879e-06,0.015607859,0.01561721,9.350999999999457e-06,0.01556615469230769,33.363634157603535,10.043224322344285,available,-0.02598513188750473,-0.011231061096491921,7.387618796699746e-05,-4.131495522376496,0.02592828218360861
batch3,45,1801.0,4.8C(80%)-4.8C-newstructure,long,91,0,91,0,91,0,91,0,91,1.0713308,1.0711251,-0.00020569999999997535,-5.629530179964921e-06,0.015655864,0.015662471,6.607000000002222e-06,0.01561267565934066,32.7403094734237,11.038641739926762,available,-0.016477960740300612,-0.007131752461986142,3.014041303195534e-05,-4.5208508005857535,0.01642510230773486
